﻿request_id,sender_email,helpdesk_staff_email,request_type,request_desc,request_status
101,4e3hab4v@nittybiz.com,pwds46hl@nittybiz.com,ChangeID,Please change my ID to lpitkinl@lsu.edu,1
104,ivdzignu@nittybiz.com,blg06wbm@nittybiz.com,MarketAnalysis,What is the mean amount of sales.,0
211,n1mypyyo@nittybiz.com,u0fvl3dj@nittybiz.com,AddCategory,Please ad a new category Rabbit under Pets,0
327,gsxidlwx@nittybiz.com,pwds46hl@nittybiz.com,ChangeID,I would like to change my ID to mfinbypi@angelfire.com,1
105,aup4qq55@nittybiz.com,u0fvl3dj@nittybiz.com,AddCategory,Please ad a new category Turtle under Pets,0
552,tm1ew4vp@nittybiz.com,helpdeskteam@nittybiz.com,AddCategory,"Please ad a new category Yoga under Exercise & Fitness	",1
302,0zoen0kf@nittybiz.com,helpdeskteam@nittybiz.com,ChangeID,I would like to change my ID to tommy@lsu.edu,0
303,f14eglmi@nittybiz.com,helpdeskteam@nittybiz.com,MarketAnalysis,What is the number of transactions in2023? ,0
